recovered,Average_score
10148,909
3534,1061
1053,996
1513,318.5
9708,-253
1506,623
2152,-95
6294,7349
7672,8670
25904,23678
160,-48
2587,-148
8283,439
2927,741
40383,16813
119,-2
2034,-643
3550,755.25
15256,-3472
30451,9814
,
30,
1,
0,54577.38509
1919821,-1919821
10671,285379.1579
3772,68292.6484
1063,25864.89474
1533,32928.91076
9970,190907.492
1537,28185.75114
2287,14671.57208
6392,98166.46224
8716,120957.2494
26203,330816.222
163,2908.827103
2652,37649.22654
9204,59120.4897
3107,14933.34932
40736,363010.4027
125,4606.943662
2180,60109.85126
3905,33144.24429
16160,90083.22426
1843,2522
64727,87616
752,301
4230,420.5
604,118
518,171.5
1675,737
1399,125
22860,4242
1088,330
126,57
307,267
1420,632.5
1918,262
1393,475
1478,692
14656,2333
1809,443
1067,248.5
482,153.5
1329,342
1436,381.5
2763,909
777,254
1458,303
851,314
3211,561.5
2378,429
3793,1031
1588,435
917,305.5
3659,727
1590,332
243,93
750190,-750190
1571071,-1571071
1946477,-1946477
7181,865
17487,1011
10539,868
5468,760
6268,133
10969,1738.5
126780,11832
26694,2594
5236,420
9345,2008
40571,2611
18864,700
11968,884
26143,1760.5
80994,3523
20981,1113
5224,293
5443,195
42165,4182
17875,1457.5
28961,1079
9490,827.5
11061,350
23785,1316
16879,816
33177,924
30187,745
27984,814
6949,226
30745,907
17727,1417
7794,1254
4217,279.5
11895,656
5175,1033
4359,134
4995,790.5
5089,640
71664,5775
14757,2352
1937,561
4410,483.3333333
23353,2641
11143,745.5
6615,945
13173,1621
51030,3807
10511,1160
3519,317
3430,486
20118,2425
10626,987.5
19860,1580
3883,555
7480,682
12245,1494
11554,640
17023,825
22600,1131
18000,1467
4582,280
21073,1676
10429,1222
3064,792
1891052,-1891052
35388,10913
5220,396
13682,747
7079,909
4829,103
5252,66
6571,647
87156,7554
20213,1359
3169,322
5836,866
29078,2866
13112,2385.5
8606,610
17554,1706
59339,3423
13873,1361
4150,228
4347,298
26378,2929
12447,537
23439,1155
5609,466.6666667
8848,487
17019,1343
13235,936
18878,730
25660,1070
22684,1117
5553,225
24577,1354
13205,1175
4736,619
2430,360
8111,516
1779,625
2420,769.5
4265,208
2928,258
46197,4195
5881,1081
599,229.5
2185,481
9390,2530
5840,707
3575,484
6953,1329
35167,3095.5
6253,472
2471,158
1721,442
7753,1397
6436,612
11545,1005
1862,425.5
3650,1008
3565,822
8123,534
10208,485
12084,1815
7820,671
2609,-2
10804,1248
4511,861.6666667
966,324
1436482,-1436482
1127471,-1127471
6722,799
17025,827
10073,786
5406,67
6233,117
9818,2572
122211,8485
25408,2302
4895,455
8715,1454
39431,2015
18152,1774.5
11564,705
24811,2209
77827,2955
19994,972
5006,339
5293,324
39079,4371
16988,1011
28382,870
8741,1281
10769,383
22580,1236
16326,713
32346,829
29694,779
27413,787
6822,219
29968,1022
17348,964
7210,1015
1645312,-1645312
2793,531
8932,1575.5
2314,746
2830,451
4448,370
3128,366.5
49921,6156
6928,2490
673,431
2460,775.5
11629,3174
6943,996
3940,756
7469,2069
37104,4335
6835,750
2627,4803.833333
2025,554
8671,3601
7439,692
12369,2293.5
2189,400
4358,1190
3686,1309.5
8931,858
12329,1079
14037,2379
8655,2453
2819,551
12296,2841
5401,1355
1228,460.5
1765244,-1765244
32,
4,484.5
3876,356
4395,1029
4167,214
4853,166
4707,424
65960,5466
12646,2202
1639,475
3914,595
20766,2543
9888,1126
11978,1594
47071,3706
9407,1123
3253,305
3068,508
18198,2139.5
9906,810
18350,1486
3357,452
6790,852
9958,1995
10681,715
15900,907
20871,1465
15751,1587
3976,423
19057,1922
9279,1365
2519,529.5
1724794,-1724794
5873,449
14811,647
8697,761
5042,187.5
8312,780
103334,6703
22611,1111
3695,401
7183,682
35124,1891
15173,1159
9917,598
20540,2010
66164,3796
16842,1233
4545,219
4824,304.5
31684,3190
14075,877
25717,953
7070,675
9574,419
19883,1304
14614,608
20665,694
27745,856
25270,969
6307,143
27298,1221
15203,1042
5843,577
6089,379
15217,508
8962,724
5074,58
8604,790
105255,7063
23018,1163
3856,395
7462,690
36051,1579
15717,1069
10100,556
21376,1894
67162,3564
17436,1106
4607,642
4971,255
33000,3246
14519,757
26080,909
7275,654
9711,421
20322,927
14860,508
20778,754
28080,817.5
25633,864
6377,116
27748,1174
15553,1024
6062,525
823586,-823586
3363,405
10089,697
3112,1019
3631,1233.5
4679,170
3759,589
57731,6803
9740,2402.333333
1082,514
3083,577
16045,3754
7942,1564
4790,900
9770,1767
41616,4705
7620,1384
2894,341
2479,554.5
13049,3023
8613,793.5
15322,2261
2698,431
5484,1038
6426,2424
9673,821
14748,846
17081,2232
13328,2148
3319,560
15391,2706
6833,1923
1725,700
1853789,-1853789
2036776,-2036776
5408,420
14059,941
7436,1021
4885,99
5287,77
6817,829
91232,8378
20922,1365
3391,478.5
6183,917
30833,2979
13236,1358
8991,707.3333333
60779,3975
14603,1157.5
4280,219
4477,318
27742,3137
12741,661
24112,1129
6075,680
9062,485
17935,1229
13635,685
19357,897
26182,1037
23614,1202
5661,1383
25347,1511
13629,1384
5004,688
2241868,-2241868
1997381,-1997381
193,
1879713,-1879713
2,
9357,51224
2061595,-2061595
5905,493
14964,651
8722,789
5044,64
5420,86
8446,787
103768,7352
22697,1253
3738,474
7249,745
35423,1778
15283,1074
9942,619
20739,2154
66316,4028
17037,1191
4581,204
4863,237
32089,3269
14197,864
25807,993
7128,705
9618,449
19977,933
14677,638
20668,831
27837,874
25307,1049
6324,149
27384,1239
15311,1062
5900,582
3059,475
9577,842
2728,893
3336,476
4602,177
3485,523
53227,6983
8307,2448
832,559
2844,832.5
13813,3388
7376,1262
4311,952
8726,1984
39105,4660
7295,1006
2768,272
2239,534
10248,2695
7963,942
14286,2099
2441,424
5007,1195
4293,2894
9470,785
13756,1020
15372,2351
10390,1429
13605,2857
6206,1608
1487,664
1450237,-1450237
1740254,-1740254
6024,408
15078,576
8828,790
5048,68
5434,81
8503,809
104149,7544
22821,1281
3806,426
7349,729
35739,2078
15471,961.5
10017,588
21048,2054
66715,3853
17225,1125
4593,183
4909,366.5
32467,3293
14398,855
25953,956
7198,695
9672,430
20127,971
14751,602
20702,815
27951,1045.5
25454,982
6339,374.6666667
27520,1252
15427,1042
5980,563
517,296
2192477,-2192477
4289,364
12020,739
5511,1007
4381,186
5026,115
5441,687
74064,6215
15658,2370
2151,610
4536,448.5
24069,2755
11378,923
6909,942
13808,1762
52176,3954
10934,1294
3623,506
21118,2655
10909,787
20537,1453
4124,505
7691,672
12898,1299.5
11835,697
17064,995
23038,1221
19375,1452
4681,319
21363,1683
10855,1293
3332,780
5364,396
13826,897
7207,1013
4874,382
5272,69
6676,619.6666667
89807,7674
20628,1353
3285,330
5976,873
30013,3002
13124,1270
8819,619
60052,3833
14247,1417
4229,221
4372,445.3333333
26963,2990
12610,665
23776,1122
5790,733
8921,522
17504,1260
13481,694
19067,871
25923,1138
23113,1216
5624,159
25017,1434
13498,1285
4871,642
1351,344.5
5396,653
907,249
931,236
3011,393
1883,182
32744,4284
2070,642
241,100
849,409
3445,1236
3097,470
3621,1008
22990,2423
3513,619
1492,258.5
837,346
2474,921
2876,724
4982,1016
1219,267
1944,620
1633,497
5288,375
4520,206
6263,1229
1519,258
5733,1148
2154,677
429,231
2263,381
7806,619
1627,452
2244,244
4170,249
2796,224
44357,4666
5386,739
538,225
1966,482
8404,2302
5280,839
3408,448.5
6510,1313
33640,2780
5993,463
2377,204
1571,431
6859,1226.5
5936,878.5
10844,1166
1737,304
3264,874
3230,693
7761,436
9525,668
11216,1451
7274,749
2455,334
9977,1388
4098,1220
844,321
7812,843
18005,1184
11094,1006.5
5525,214.5
6337,297.5
13787,2350
133020,12614
28243,3173
5448,604.6666667
10558,2483
41813,3415
19380,580
12471,962
27772,2265
83130,3984
22045,805
5414,283
5560,284
45368,3673
18655,895
29782,1009
10623,1886
11277,329
25120,1428
17440,781
34027,899
30691,704
28355,1253
7113,201
31443,722
18614,1114
8645,1433
1066771,-1066771
1038766,-1038766
1577838,-1577838
77357,100864
633,1492.272727
40437,82897
2007339,-2007339
1716135,-1716135
30513,77488
1924865,-1924865
3555,531
10523,616
3528,960
3872,436
4756,143
4065,394
60654,5697
10832,2070
1317,414.5
3443,606
17838,3162
8730,1364
5205,819
10641,1422
43724,3836
8435,1065
3007,309
2719,479
15908,2203
9174,788
16280,1665
6011,997
7782,2065
9901,722
15111,841
18658,1817
14742,1529
3655,771.6666667
16761,2413
7658,1885
2063,597
650,253
547,116
422,176.5
1283,594
1275,98
20521,3591
915,251
105,38
240,149
1108,779
1594,235
1163,636.5
13000,2015
1534,393
933,250
400,188.5
1147,324.5
1154,464
2280,733
660,247.5
1349,268
689,257
2687,592
1875,728.5
3258,957
1335,355.3333333
806,190
3085,633
1381,387
216,67
881050,-881050
1939596,-1939596
6502,505
17548,851
9576,763
5323,297.3333333
6720,518
9748,1065
115794,7592
24256,1813
4470,546
8151,876
38021,1775
17116,1108
11068,603
23263,2141
74558,3412
19412,997.5
4821,292
5110,545.5
36227,3583
15907,1101.5
27449,917
7984,886
10386,464
21515,851
15705,669
31153,852
29149,704
26688,864
6563,141
29101,1046
16773,788
6547,732
4847,240
13082,648
6432,841
4675,156
5198,234.5
5959,627
80750,7168
18394,1834
2787,495
5262,692
26766,2855
12373,762
7897,771
16219,1677
56375,3436
12615,1344
3973,271
4046,378
23847,3003
11905,548
22222,1159
4963,464.5
8300,624
15612,1334
12732,614
18034,753
24685,1104
21623,1036
5183,1201
23225,1373
12083,1376
4158,671
1015256,-1015256
1755798,-1755798
7263,929
17565,1059
10591,918
5472,79
6292,496.5
11292,2939
128561,11456
26884,2619
5249,403
9387,2052
40828,2657
18992,653
12037,856
26328,2482
81390,3519
21157,1042
5238,309
5473,309
42767,4141
18031,848
29020,1090
9724,1102
11116,334
24074,1350
17024,767
33335,889
30297,697
27921,961
6966,218
30821,950
17857,1445
7987,1267
183,
1681336,-1681336
818397,-818397
936,396
4660,413.5
684,191
612,238.5
2193,557
1620,81
26574,4297
1372,389
151,77
447,344
2022,1021
2331,317
1691,276
2150,887.5
17614,2935
2403,660
1208,266
597,246
1616,561
1894,584
3431,764.5
911,249
1622,282.5
1045,439
3822,640
3132,339
4548,1020
2047,611.5
1105,330
1787,396
279,167
1168354,-1168354
405,179
2741,560.5
412,147.3333333
228,100
485,419
760,116
12341,3495
598,151
44,39
132,53
556,185.6666667
638,310.5
550,385
637,381
7914,1437
763,376
686,220
223,118
688,339
404,405
1141,474
273,291
1027,235.5
371,229.5
1584,333.5
825,313
1909,477.5
807,239
393,179
150376,-150376
1638,632
872,384
146,50
4343,440
12175,729
5541,1003
4401,187
5027,129
5498,642
74641,6808
15948,1592
2196,624
4583,782
24202,2738
11572,890
6990,924
14142,1787
52539,4051
11044,1417
3665,335
3642,474.5
21394,2753
11030,733
20629,1503
4237,652
7751,666
13168,1663
11916,720
17172,1009
23229,1211
19496,1417
4734,333
21729,1681
10974,1324
3496,710
1584704,-1584704
2848,532
9011,831
2321,899
2883,500
4461,217
3149,576
50405,6369
7202,2472
668,468
2480,663
11791,3283
7026,1201
3919,591
7552,2179
37460,4630
6867,836
2640,278
2097,540
8654,3769
7484,746.5
12265,2623
2226,430
4455,1204
3746,2377
9036,834
12425,1099
14268,2391
8995,2532
2779,622
12300,3002
1266,421.5
1143254,-1143254
1916144,-1916144
6272,652
17462,746
9524,700
5314,52
6713,87
9768,1004
114451,7022
24028,1667
8144,753
37777,1683
17051,941
10986,545
22948,2028
73543,3246
19237,895.5
4840,186
5130,316
35897,3227
15843,869
27342,801
7912,723
10270,466
21337,781
15606,610
30978,773
28971,655
26564,754
6552,134
29004,986
16540,904
6509,638
6154,422
15295,600
5088,194
5458,68
8946,795
106772,7478
23154,1352
3889,413
7527,795
36202,1774
16018,1115
10219,577
21516,2152
67738,3858
17581,1147
4652,189
4957,278
33299,3577
14615,955
26224,960
7386,744
9736,469
20496,901
14976,513
21057,728
28269,832
25677,1033
6353,600.5
15691,1037
6120,575
1827,554.5
6496,496
1195,263
1512,199
3640,306
2315,107
38026,3428
3245,709.5
361,119
1308,449
5567,1412
4061,472
2767,433
5038,954
27900,2041
4746,469
2061,172
1161,361
4353,1246
4155,611
7649,1607
1455,308.5
2432,612
2310,649
6584,414
6309,570
8528,1097
4610,945
1876,292
7555,1071
2870,1110
626,186
11423,3750.75
112050,76842
3239,491
10020,703
3105,1044
3619,360
4651,176
56700,6773
9455,2260
1024,524
3031,537
15463,3744
7816,1468
4728,927
9552,1765
41161,4706
7646,1152
2873,287
2435,549
12340,3073
8472,948
15140,2056
2671,424
5384,503.3333333
5985,2514
9663,697
14644,909
16757,2217
11958,2204
3273,812
15097,2802
6763,1817
1697,675
1320448,-1320448
3492,365
10368,761
3344,1037
3790,328
4714,168
3948,499
59176,6721
10355,2357
1233,476
3270,595
17141,3578
8318,1470
4999,909
10316,1606
42861,4363
8118,977
2966,323
2636,525
14998,2726
8898,894
2826,390
5875,1085
7064,1389
15019,944
17987,2141
14225,1981
3514,441
16240,2386.5
7396,1986
1949,464.5
1864914,-1864914
829817,-829817
2204109,-2204109
5367,20278.5
37325,11355
8450,1372.5
18915,1132
11901,662
5639,85
6438,30.5
17317,2490.75
142328,15495
30938,2898.25
5791,294.4
13226,2449.5
45630,3079
20009,379.25
13370,928.75
29846,2327.75
86405,2349.5
23178,903
5631,300.5
5745,242
49029,4626.75
19550,935
30711,1208.25
12483,2327.5
11673,254.5
27062,1608.4
18245,648.75
35026,1287.25
31364,763.25
29450,959.25
7322,380
32254,696.25
19522,827.5
9907,1707.25
1335876,-1335876
1914101,-1914101
5124,417
13569,845
6937,672.5
4789,141
5244,66
6381,805
86060,8052
19887,1515
3129,362
5707,912
28602,3220
8535,668
17299,1882
58850,3582
13631,1351
4119,246
4305,323
25767,2177
12364,591
23255,1201
5493,801
8754,542
16768,1469
13146,695
18758,820
25441,1195
22429,1282
5495,228
24290,1457
13003,1280
4640,412.5
1934541,-1934541
3407,450
10218,767
3178,1139
3704,372
4688,175
3860,513.5
58373,6972
10007,2460
3159,726
16558,3821
8113,1812.5
4875,710
10057,1697
42214,4799
7869,1277
2537,391
13954,2958
8763,967
15651,2233
2801,435
5634,1199
6721,2675
9683,858
14902,1014
17492,2233
13866,2229
16037,2739
7184,2024
1849,672
17781,8011.5
126002,68466
1660786,-1660786
6874,1103
17479,913
10444,879
5463,62
6266,133
10850,3000
126746,10617
26452,2578
5193,396
9348,1769.5
40409,2362
18764,720
11911,1165
25988,2443
80473,3387
20874,1094
5207,296
5427,318
41577,4259
17744,912
28899,1051
10997,363
23666,1313
16801,772
33132,799
30132,726
27940,770
6961,445
30643,938
17708,1288
7721,1225
766361,-766361
2112815,-2112815
971115,-971115
9918,919
3471,1082
1046,605.5
1496,628
2110,-59
6244,7374
7621,8627
25849,23810
159,1.5
2482,-51
8157,559
2867,799
40199,16715
1998,-608
3400,1207
28475,9643
1964,2718
67504,86981
1845008,-1845008
1107,
996302,-996302
2019048,-2019048
2483,590.5
8229,506
1861,523.5
2476,316
4302,189.5
3028,374.5
47055,3983
6156,1104
621,203
2227,548
9749,1603
6059,751
7117,1310
2484,155
1766,426
8048,1944
6667,548
11852,1002
3725,980
3701,677
8256,618
10550,627
12385,1689
7986,892
2672,280
11113,1455
4627,806.5
1008,344
1528304,-1528304
1223108,-1223108
5924,296
14743,465
8523,698
5003,78.5
5383,68
7831,583
101053,5891
22331,1028
3651,653.5
7085,625.5
34052,2292
14829,1006
9674,1166
20181,1684
65480,3240
16473,1100
4753,451.5
31120,2826
13711,717
25374,854
6903,599.5
9471,350
19590,835
14478,481
20535,621
27406,877
25039,833
6134,155
26968,1121
15041,919
5678,510
745361,-745361
1950419,-1950419
6741,588
16896,774
9961,767
6201,540
10034,1881
120055,8136
25167,2116
4846,452
8561,1335
39012,1879
17866,921
11435,639
24548,2097
77077,2772
19785,898
4946,322
5196,373
38255,4090
16645,1043
8498,1171
10689,377
22261,1098
16077,778
32025,778
29545,758
27182,797
6806,163
29634,1104
17130,942
6951,945
1988096,-1988096
85915,100757
1419,375
5530,600
948,241
989,232
3102,359
1912,163
33453,3935
2186,563
255,98
905,330.5
3624,1133
3212,468
2313,430
3826,919
23609,2400
3641,642
1552,447.5
875,316
2758,897
3025,647
5223,1681
1242,263
2005,448
1714,571
5451,195.5
6531,1275
3073,997
1546,179.5
5960,1884.5
2238,670
442,189
1625328,-1625328
2125,7750.6
1886233,-1886233
8360,877
18656,1113
11626,491.5
5612,84
6422,70
16263,1890
140024,11345
30299,2646
5739,285
12689,2398
44735,2889
19874,404
13153,1159
29318,2285
85587,3641
22885,807
5599,258
5722,237
48334,3764
19341,880
30462,1156
12069,1895
11600,320
26709,986
18099,609
34797,991
31189,659
29188,920
7269,182
31961,755
19397,788
9578,1330
4765,398
12966,744
6335,1089
4629,189
5177,79
5853,723
79734,7613
18085,2064
2725,411.5
5170,774
26104,3126
12255,801
7785,847
15903,1820
55917,3567
12398,1413
3950,292
4017,516
23312,3134
11806,608
22000,1297
8261,646
15243,1536
12539,724
17874,862
24484,1156
21464,1061
5097,332
23029,1490
4062,607.5
866186,-866186
59109,87312
1912690,-1912690
7990,743
18272,1089
11341,729
5547,91
6366,108
14612,2831
134752,12739
28851,3079
11293,2487
42731,3211
19538,490
12653,946
28344,2192
83735,3920
22311,829
5483,252
5635,239
46573,3538
18898,840
29977,1031
11023,1171
11379,448
25495,1273
17622,713
34277,933
30895,600
28750,981
7169,573
31682,718
18842,1059
8955,1448
1307,403
5291,686
870,348
873,224
2905,401
1852,281
32206,4193
1992,603
229,91
802,416
3305,773
3018,451
2179,471
3429,1052
22445,2294
3392,724
1446,286
819,355.5
2346,875.5
2778,690
4810,1596
1190,276
1890,455
1560,362.5
5128,345
4371,897.5
6103,1168
2754,821.5
1472,258.5
5585,975
2107,647
21824,9008
133952,63148
1869529,-1869529
1901322,-1901322
5301,378
13765,845
4857,101
5261,71
6691,756
89015,7555
20545,1347
5922,866
29768,2998
13147,1043.5
8765,613
17720,1437
59801,3711
14090,1433
4352,391.5
26847,2928
12554,640
23601,1092
5734,496.5
8887,498
17353,1292
13435,647
19043,787
25813,1110
22995,1241
5605,168
24867,1360
13333,1280
4816,633
1948267,-1948267
1966702,-1966702
1535786,-1535786
5697,263
14497,562
7858,865
4973,67
5321,74
7430,536
96327,6590
21627,1139
3477,299
6650,1009
32102,2782
13980,1085
9297,539
19008,1861
63100,3496
15532,1221
4349,211
4596,270
29458,2589
13108,583
24736,931
6485,537
9273,373
18734,923
13977,517
19939,694
26775,898
24287,1006
5817,226
26188,1189
14273,1136
5332,758.5
1733089,-1733089
2160130,-2160130
12285,54968
3214,422
9790,825
2941,885
3595,559
55117,6706
925,530
2924,650
7553,1015.5
9208,1621
40069,4620
7492,1008
2351,587
11285,3402
8327,840
14703,2020
2547,401
5184,699.5
9621,743
14043,1030
11164,1930
3123,578
14592,2792
6470,1633
35,1106.5
22647,72084
34219,80002
2993,527
9473,1236
2588,903
3248,482
4561,185
3402,630.5
52511,7062
7809,2584
801,549
2729,706
13107,3585
4191,714.5
8474,2036
38712,4737
7138,1057
2736,284
2173,628
7891,911
13931,2292
2397,424
4893,1082.5
4024,2868
9360,794
13615,1017
15133,2385
10228,2138
13213,2985
5969,1636
1429,655
1251782,-1251782
5783,243
14561,573
8112,834
4981,70
5354,57
98840,6558
22020,1023
3567,295
33126,2505
14318,1206
9478,599
19623,1803
64292,3556
15891,1313
4449,196
4662,285
30263,2827
13292,891.5
25066,956
6702,533
9361,1214.5
19097,896
14186,555
20240,682
27115,893
24678,908
5994,169
26543,1091
14630,1086
5518,600
43208,84689
2171095,-2171095
1348660,-1348660
1237321,-1237321
1005248,-1005248
1192,385
5123,642
817,242
778,279
2716,505
1778,571
30696,4141
1800,554
208,89
687,275
2938,1030
2818,412
2046,489
21081,2655
1384,285
758,274
2093,1092
2560,703.3333333
1110,283
1811,279.5
1404,518
4693,328.5
3974,225
5559,1219
1390,241
5248,714.3333333
2009,553
366,152
1932457,-1932457
1861861,-1861861
2023270,-2019048
2163,290
7414,591
1439,365
2010,250
4051,310
2626,505
42281,3951
4737,830
478,185.5
1775,472
7565,1364
4780,701
6082,1000
31794,2420
5669,384
2302,187
1474,373
6039,1605
5459,519
9974,837
1648,273
2976,828
2956,714
7444,412
8381,783
10349,1303
6398,777
2270,370
9196,1343
3716,1118
780,263
5512,372
14217,809
7563,969
4916,258
5298,73
6947,794
92055,8164
21096,1314
3416,282
31227,2812
13422,1269
9111,541
18488,1920
61561,3869
14795,1432
4535,291
28250,3042
12842,737
24293,1020
6171,623
9170,430
18184,1145
13716,639
19505,851
26373,973
23781,1115
5706,218
25542,1387
13945,1279
5103,858.5
2095953,-2095953
7615,888
17779,1471
10893,860
5517,75
6333,101
12965,2467
130804,12727
27613,2993
5409,323
10279,2309
41579,2881
19262,621
12347,892
27353,2198
82496,3730
21816,864
5366,708.5
5563,246
44664,3505
18450,792
29419,1122
10404,1765
11232,295
24968,1343
17315,783
33774,849
30590,655
28236,1130
7019,253
31285,756
18400,1199
8383,1375
3731,372
10733,754
3755,1180
3968,338
4791,847.5
4213,547
63252,6337
11473,2620
1418,376.5
19009,3350
9124,1409
11048,1782
45028,4667
8616,1372
3079,520.3333333
2835,538
17285,2306
9513,961
17218,2037
3118,569.6666667
8853,2236
10415,820
15496,1091
19658,1954
14931,1574
3782,299.5
17701,2440
8420,1798
2211,712
1696739,-1696739
2770,401
8892,505
2305,658.5
2833,272
4416,172
3329,202
49961,3955
7245,717.5
767,262
2502,623.5
11348,2369
3953,570
7784,1341
37953,2414
2625,347
1957,349.5
9166,1806
7267,449
12974,876
2108,348
4406,758
8935,548
12303,657
13799,1609
9424,885
2926,261
12652,1528
5075,1301
1295,338
6408,546
17494,804
6729,578.5
9783,1080
115149,7226
24129,1713
4431,492
8187,1309.5
37883,1721
17047,1070
23134,2043
73906,3359
19327,973
4802,278
5116,307
36115,3358
15892,956
27396,894
7964,823
10318,508
21444,801
15638,682
31122,759
29082,638
26609,833
6545,144
29074,951
16561,965
6538,683
1926287,-1926287
1933,429.6666667
6775,641
1642,321.5
3712,353
2405,306.5
39104,3719
3718,929
386,139
1444,487
6014,1658
4268,471
2896,485
28901,2216
5059,458
2136,213
4494,576
8336,1419
1501,255
2539,803
2449,714
6829,428
6941,623
8960,1108
7934,1102
3063,1072
649,198
945673,-945673
11160,712
4456,1011
4180,188
4850,159
4682,478
66461,5618
12915,2412
1644,507
21014,2651
10098,1065
5929,938
12061,1740
47218,4103
9416,1201
3267,303
18372,2372
10056,763
18379,1726
6864,816
10204,1620.5
10981,660
16172,887
21070,1443
15988,1348
3994,458
19471,1875
9486,1345
2533,424
1482138,-1482138
7310,920
17666,1039
10776,825
5491,67
6304,107
11624,2777
129157,11374
27058,2738
5296,386
9516,2053
41063,2582
19106,614
12166,802
26711,2297
81635,3416
21510,889
5294,260
5522,282
43418,3890
18170,781
29148,1064
9905,1710
11156,328
24341,1351
17160,710
33465,877
30431,627
28097,970
7006,229
31025,871
18003,1404
8161,1000
55668,86524
762025,-762025
2654,517.5
8702,888
2095,895
2749,639
4418,197
3004,550
48089,6495
10686,3350
3844,729
7175,2100
36050,4565
6572,808
2536,377.5
1947,543
7457,3929
7124,775
11575,2565
2094,519.3333333
4096,1273
3490,1990
8545,939
11798,1219
13362,2398
8463,2028
11731,2900
5114,1413
1158,524
1425748,-1425748
19259,68200
1563992,-1563992
1748317,-1748317
25935,8463
138980,62130
2129,238
7273,545
1403,320
1950,248
3998,325
2608,144
41738,3867
4563,1162
471,155
1686,537
7288,1873
4641,570
3145,476
5957,1091
31290,2157
5566,342.5
2284,503.5
1424,253.6666667
5784,1642
5300,594
9739,995
2891,814
2881,722
7361,368
7974,662
10097,1291
6140,831
2230,524
9018,1065.5
3611,1117
764,359.5
7719,889
17886,1177
11009,778
5521,84
6328,4957.666667
13348,2382
132100,12533
27830,3063
10486,2355
41499,3343
19351,573
12445,896
27583,2260
83065,3760
21904,942.5
5579,618
44950,3568
18556,738.5
29664,1065
10490,1790
11245,307
25041,1365
17367,786
33793,959
30638,689
28356,1137
31335,794
18547,1127
8538,1394
89250,101617
1134877,-1134877
596,210
515,93
381,136
1128,664
1177,249.5
19099,3975
834,223.3333333
95,38
210,123.5
992,600.5
1026,425
1049,602
12121,1921
1394,423.5
380,234.5
1076,309
984,366
2073,-221.6666667
595,289
1287,284
2465,593
1640,286
2937,853
1214,323
704,230
2837,634
1312,387
202,72
8217,894
18613,1052
11570,663
6403,123
16074,1896
139774,10897
30033,2603
5670,301
44388,2809
19839,386
13034,882
29112,2149
85641,3340
22839,725
5580,237
5691,231
48025,3566
30371,1074
11922,1763
11481,329
26510,1011
18058,587
34735,934
31130,621
29126,903
7243,177
31957,672
19323,822
9489,1458
1893236,-1893236
1971470,-1971470
1877347,-1877347
6105,727
9333,763
5121,63
9353,949
110204,7812
23713,1485
7926,756
37047,1657
16611,1004
10466,543
22389,2152
69531,3546
18493,1048
4684,179
4994,356
34995,3475
15151,914
26641,879
7737,749
9965,485
21068,799
15161,652
21329,718
28684,635
26118,896
28469,982
16083,1061
6365,408
1895483,-1895483
1911033,-1911033
1607869,-1607869
1595320,-1595320
4387,426
12309,671
5638,644.5
4443,181
5056,125
5506,689
75198,6739
16223,2415
2333,567
4738,738
24477,2561
11683,837
7109,875
14388,1741
52765,4176
11217,1416
3747,281
3729,414
21766,2721
11167,634
20859,1406
4322,586.5
7865,629
13464,1617
11982,711
17223,964
23397,1195
19844,1271
4783,385.5
21907,1598
11043,1324
1650230,-1650230
14420,618
7746,901
4952,402.6666667
5311,75
7241,594
94858,6942
21456,1215
3465,275
6586,721
32004,2548
13798,1157
9282,546
18900,1810
62652,3448
15352,1260
4361,168
4574,277
29131,2635
13047,597
24622,913
6348,545
9238,365
18592,986
13983,506
19820,720
26670,865
24193,961
26059,1271
14180,1161
5276,454
7937,1339.5
18057,1219
11179,827
5526,100
14095,2337
133843,13000
28480,3263
5467,675
10779,2636
42224,3323
19475,514
12500,1011
28060,2273
83370,4049
22120,882
5445,354.5
45917,3680
18753,933
29871,1078
10842,1848
11317,345
25235,1428
17536,747
34116,1028
30789,689
28441,1228
7122,210
31528,739
18689,1138
8753,1177
1199810,-1199810
1850680,-1850680
70853,88083
1729269,-1729269
6982,834
17415,892
10370,869
5452,63
6260,126
10849,2628
126028,9874
26193,2426
5133,426
9433,1583
40330,2131
18644,664
11873,788
25839,2281
79952,3148
20703,1071
5190,275
5421,178.5
41278,4201
17678,857
28772,1066
9217,1612
23533,1264
32943,789
30067,708
27839,756
6931,189
30582,913
17632,1229
7616,1186
128511,66866
2226594,-2226594
1511199,-1511199
1083768,-1083768
136166,61563
4206,375
11979,633
5263,947.5
4382,135
5008,110
5310,591
72654,5824
15094,2325
1989,585
4427,660
23506,2733
11256,754.5
13259,2067
51482,3761
3512,347
3462,484
20485,2578
10658,793
19973,1581
3952,955.3333333
7518,728
12594,1424
11601,663
17029,815
22730,1127
18205,1511
4650,309
21126,1711
10566,1238
3153,799
836567,-836567
6740,928
17193,1642
6250,115
10112,2672
123952,8621
25786,2307
4983,462
8899,1464.5
39782,1971
18377,766
11690,714
25273,2142
78452,2901
20279,971
5107,272
5361,184.5
39968,4315
17289,964
28503,899
10892,360
23041,1299
16569,730
32554,797
29852,750
27530,784
6877,196
30181,999
17527,1079
7403,1121
962397,-962397
1990610,-1990610
1248,331
5210,366.5
829,223
2804,456
31451,4242
1884,590
219,86
747,327
3109,1222
2908,432
2117,488
21714,2550
3233,697
1427,329.5
786,290
2225,1025
2655,688
4604,1529
1846,442
1485,476
4197,226
5841,1135
2658,924
5419,973
2042,624
382,189
7540,1073.5
17889,947
10977,733
5510,68
6334,97
12644,2479
131028,11307
27336,2855
5393,330
10260,2012
41328,2899
19288,545
12244,877
27165,2207
82291,3529
21708,845
5353,244
5557,249
44446,3544
18447,649
29359,1000
10250,1712
11209,313
24756,1333
17307,728
33717,847
30570,602
28253,1024
7010,229
31254,758
18298,1211
8384,1251
723,330
4125,688.5
584,261.5
494,185.6666667
1579,716
1365,81
22254,4273
1048,280
122,14.33333333
283,231
1313,940
1842,213
1344,458
1367,648.5
14260,2367
1718,384
454,182
1280,392
1371,371.5
2624,837
810,317
2246,443
3660,993
1526,403
888,243
3515,744
1524,528.6666667
238,86
3675,426.5
10698,720
3714,1140
3963,304
4777,169
4127,557
62630,5914
11311,1876.5
1378,475
3583,678
18262,3457
9035,1386
5362,922
10891,1776
44707,4595
8586,1238
3041,338
2812,502
16989,2221
9354,970
16954,2012
3026,463
6239,1046
8539,2287
10267,786
15382,1029
19526,1921
14856,1467
3740,479
17556,2451
2144,698
1884008,-1884008
12377,7020
1877,424
6677,582
1221,354
3681,374
2341,123
38457,3469
3517,1133
368,137
5792,1035.333333
4145,640
2836,462
5188,956
28296,2207
2088,218
4546,954
4279,542
7933,1448
2472,716
2369,606.75
6680,742.5
6548,591
8700,1143
4813,855
1917,260.5
7729,1194
2930,832
1590696,-1590696
5073,279.5
13405,832
6799,1205
4763,153
5234,63
85273,8157
19649,1596
3099,434
5551,912
28242,3228
12767,950
8421,719
17045,1977
58500,3632
13289,1563
4099,262
4220,353
25247,3434
12206,642
23137,1248
5438,791
16594,1333
13055,748
18593,877
25293,1225
22136,1372
5436,414.5
24050,1497
12792,1385
4533,438.5
1954251,-1954251
741340,-741340
1048539,-1048539
38080,80925
3929,385
11276,772
4531,728.6666667
4208,729.5
4771,512
67256,5656
13120,2456
3936,618
21246,2670
10202,776.5
12125,1350
47894,4164
9502,1278
18405,2541
10113,773
18544,1834
3463,603.5
6920,875
10567,1796
11017,655
16279,891
21140,1542
16092,1422
4077,452
19656,1368
9527,1380
2520,809
859643,-859643
1907538,-1907538
1962152,-1962152
6165,730
17295,815
9421,763
5295,63
9685,952
112395,7903
24062,1488
4360,507
37553,1657
16866,1006
10914,554
22675,2154
72627,3617
19068,1049
4797,209
5093,358
35354,3477
15599,920
27181,890
7825,749
21201,799
15405,656
30826,792
28866,642
26374,961
6492,163
28826,990
16346,1069
6472,628
1772,998.3333333
62391,87231
1839381,-1765244
1306138,-1306138
1074795,-1074795
1412393,-1412393
703,348
4006,578
569,185
464,140
1449,510.5
1341,90
21649,4300
994,265
117,50
264,223
1218,567.3333333
1740,347.5
1276,403.5
1294,940
13842,2442
1669,422
982,263
430,145
1300,485
724,243
1392,313
762,300
2936,628
2120,442
3518,710.5
854,220
3372,778
1479,373
233,71
1937977,-1937977
2065,217
7171,619
1366,474
1887,579
3928,746
2571,583
41189,4058
4301,1207
1596,503.5
7013,1839
30808,2218
2260,195
1374,436
5505,1588
5162,665
9430,1130
1595,250
2815,806
7778,636
9828,1243
5872,930
2161,487
8719,1128
3472,1132
733,262
2558,332
8434,477
1943,552
2573,289
4338,184
47891,3869
6395,1192
643,219
2288,843
10198,2463
6378,643
3726,487
7317,1338
36392,2286
6464,375
2507,192
1814,449
8389,1851
6795,474
12134,878
1954,324
3834,955
3854,863
8440,594
10952,562
12789,1635
8174,874
11490,1525
4796,1266
1055,770
1098431,-1098431
1078,318
4921,582
735,216
694,201
1739,76
28817,4022
1561,357
186,72
581,329
2504,840
2600,322
2675,1116
19436,2285
2726,501
690,236
1822,650.5
2235,597
3910,1027
1019,314
1738,300
1202,416
4307,640
3638,177
5139,1022
2336,571
1251,332
4849,866
1910,415
324,168
843231,-843231
8239,705
18562,950
11485,651
5593,64
6391,90
15608,1675
138583,10470
29763,2503
5621,292
12124,2124
43826,2598
19779,347
12939,814
28953,1883
85012,3291
22703,656
5550,207
5692,208
47701,3147
19134,705
30296,928
11504,1626
11455,287
17864,580
34684,786
31041,496
29119,726
7228,170
31938,626
19161,843
9395,1238
987328,-987328
1985459,-1985459
1711931,-1711931
2010754,-2010754
4721,388
12806,753
4605,185
5158,92
5760,790
79032,7749
17711,2208
2632,550
5035,803
25868,3073
7679,895
15598,1914
55435,3918
12132,1495
3881,305
3961,426
23019,3215
11708,630
21849,1350
4799,700
8154,684
15017,1560
12460,781
17830,864
24337,1109
21275,1217
4970,330
22837,1505
11718,1533
3970,755
6160,421
15245,522
5079,52
5449,55.5
106006,7058
23146,1285
3864,404
7515,724
36199,1556
15875,1056
10164,573
21467,2019
67499,3664
17542,1086
4613,194
4962,262
33178,3302
26113,885
7321,683
20382,900
14953,499
20984,644
28159,822
25622,1016
6360,139
27910,1206
15573,1075
6101,512
1176658,-1176658
1113137,-1113137
1941913,-1941913
1979823,-1979823
1264780,-1264780
1923744,-1923744
6626,647
17914,781
9934,679
6195,117
119217,7282
24933,1913
8554,938
38822,1711
17728,888
11364,563
24317,1918
76511,2482
19637,852
4943,283
5245,309
38139,3569
16504,908
27964,809
8400,829
10633,390
22043,976
16103,602
31837,739
29509,608
27024,760
6781,134
29636,947
17101,843
6904,814
1720430,-1720430
2003477,-2003477
14733,639
8619,745
5037,55
5404,169.5
8153,866
102961,6312
22558,1050
3666,389
7168,649
34768,1936
15141,1050
9842,585
20477,1845
65942,3750
16783,1092
4553,290
4793,303
31069,3134
13978,796
25626,938
7005,589
9536,410
19743,826
14527,564
20682,593
27623,844
25190,905
6285,149
27176,1085
15181,957
5785,541
17030,921
10118,829
6229,134
9953,2670
123145,8654
25536,2344
8779,1602
39608,1954
18256,829
11619,1035.5
25008,2229
78038,3019
20102,1041
5327,331
39428,4385
17107,1061
28432,913
8812,1400
10819,381
22768,1297
16435,791
32444,856
29715,819
27481,828
6845,215
30060,1028
17393,1062
7306,1095
4488,396
12442,609
5859,851
4484,174
76263,5880
16709,2120
2428,550.5
4845,676
24951,2357
11844,757
7318,780
14712,1586
53477,3652
11531,1295
3785,676.5
3784,383
22236,2458
11373,516
21155,1213
4450,532
7922,586.5
13892,1440
12105,610
17312,904
23706,1008
20321,888
4855,270
22340,1443
11222,1249
74797,94587.33333
2031875,-2031875
2257443,-2257443
2148642,-2148642
1555923,-1555923
754200,-754200
2270427,-2270427
1548174,-1548174
5355,389
13995,878
7337,1013
4892,81
5284,65
6710,898
90699,7961
20756,1390
3354,293
30324,3036
8937,596
18064,1997
60637,3738
14453,1468
4255,222
27359,3007
12712,641
23943,1089
5917,706
8975,504
17667,1291
13600,654
19246,833
26105,1020
23349,1207
25233,1361
13633,1324
4935,651
1875211,-1875211
798037,-798037
2745,532
8882,810
2816,440
4438,204
49246,6028
6376,2457
664,424
2495,593
11418,3055
6869,1065
3922,683
7473,1917
36601,4154
6711,789
2575,277
1997,518
8322,3584
7301,680
12071,2317
2159,391
4326,1164
8676,831
12057,1052
13862,2306
8552,2043
2785,557
12270,2714
5250,828
23100,9654
137139,63553
1897587,-1897587
5825,272
14683,472
8272,780
4987,75
7557,1000.5
99325,6524
22139,1020
3609,341
6978,602
33477,2382
14391,1162
9567,586
64731,3334
16007,1353
4475,178
4725,278
30716,2819
13448,727
25196,884
6771,504
9440,354
19217,873
14261,540
20387,642
27211,898
24790,851
6055,150
26579,1108
14782,1015
5614,573
384,153
397,51
205,75
420,335
693,113
11208,3018
564,126
39,34
116,53
481,313
572,219
493,361
593,234
7365,1418
665,268.5
675,235
207,105
617,239
331,225.5
1038,433
213,273
923,198
310,167
1476,359
712,240
1695,675
765,238
335,184.5
1460,554
797,278
134,54
2323,367
1665,560
2298,422
4188,242
44941,4705
5573,634.5
2033,481
8686,2568
5476,813
3467,482
34078,2841
6068,492
2417,403
1619,430
7040,1895
6078,817
1793,311
3375,980
3338,785
7842,445
11422,1647
2473,390
4236,1257
885,327
6882,892
17331,858
5435,63
6269,106
10605,1503
125470,9159
26055,2300
9295,1450
40282,1909
18583,672
11820,751
25696,2061
79373,2889
20677,952
5413,290
41002,4169
17568,862
28656,960
10942,347
23415,1218
16748,1250
32763,755
29991,702
27818,681
6894,194
30471,918
17673,1019
7597,1098
16780,63460
557,238.6666667
352,202.5
955,625
1095,160
17626,4018
768,239
80,40
189,139
871,433
1197,369
900,479.5
932,502.6666667
11213,1973
1278,487.5
847,282
349,151
997,288
546,225
2283,490
1409,347
2731,770
1116,536.5
623,230
2535,583
1226,415
188,63
8433,1077
18766,1154
11777,627
5606,97
6429,75
140594,12272
30550,2724
5751,284
12758,2486
45137,2951
19932,411
29470,2352
85904,3840
22998,876
5607,379
5723,245
48568,3936
19445,897
30586,1136
12220,2001
26889,1047
18140,627
34798,1142
31240,685
29278,911
7278,204
32114,715
19383,828
9676,1567
1655549,-1655549
616,182
3830,499.5
529,96
398,122
1198,669
1239,117
19750,3909
860,228
94,38
221,147
1052,704
1503,263
12585,1930
943,222
392,178
1122,302
1068,389
625,221
1325,345.5
644,283
1741,461
3060,987
754,209.3333333
3000,730
209,64
26743,74974
5943,671
15193,778
9082,792
5078,454.5
5412,120
107489,7810
23195,1473
3902,483
36352,1765
16044,1206
10217,648
21529,2372
67759,4305
17742,1178
4645,201
4876,383
33482,3882
14638,1074
26285,998
7441,778
9742,565.5
20609,908
14944,655
21029,820
28362,861
25822,978
6375,137
27996,1219
15711,1121
6153,628
803581,-803581
1848177,-1848177
1212403,-1212403
473,173
3077,604
440,77
298,195
708,365.5
896,110
15160,3673
61,38
157,65
710,314
850,324
716,483
770,400
987,376
288,124
843,201.5
630,365
402,209.5
1131,248
455,238
1895,491
1087,439.5
2308,695
937,274
506,239
2113,729
1047,390
170,52
938089,-938089
3185,632
453,168
308,108
766,376.5
946,197
15693,3820
696,197
65,42
162,85
734,403
902,309
773,459
10032,2106
1051,419
776,238
299,131
899,313
680,343
1542,496.3333333
1152,254
474,176
1967,505
1156,369
2394,654
968,328.6666667
534,275
1081,355
174,58
1952381,-1952381
1090905,-1090905
6044,626
15086,946
9151,780
5085,78
5424,115
9135,928
108522,7783
23361,1502
3947,523
7687,842
36645,1771
16193,1204
10320,617
21723,2423
68061,4257
17905,1122
4649,204
4905,384
33890,3847
14745,749.5
26404,974
7512,809
9778,558
20821,840
14993,703
28508,766
25926,994
6362,341
27994,1289
15799,1125
6202,391.5
3122,412
2901,860
3394,425
4635,903.5
3557,450
54274,6293
8678,2227
901,436.5
2913,623
14475,3125
7477,1267
4419,905
9053,1753
39646,4322
7443,965
2802,254
2286,586
10982,3604
8192,874
14657,1925
5163,1133
4883,2635
9550,740
13907,951
15893,2225
10973,1838
3177,485
14271,2739
6369,1559
1550,630
7015,46406
82514,100382
2104298,-2104298
1960033,-1960033
1752125,-1752125
2041418,-2041418
736197,-736197
3260,420
2981,683.5
56202,6266
9268,2227
963,466
3001,596
15081,3644
7627,1410
4611,925
40536,4755
7564,1055
2828,288
2415,543
12010,3064
14880,2016
2592,402
5299,1151
9607,768
14424,956
16487,2200
11431,1981
3192,506
14777,2822
6544,1111
1621,617
1675996,-1675996
3794,16766.5
911965,-911965
1167,250
1452,211
3571,293
2272,100
37550,3431
3039,1017
343,130
5289,1358
3986,460
27457,2039
4643,484
2007,190
1123,358
4043,645.5
3996,607
7354,1632
6484,370
6125,593
8254,1177
1856,269
7362,1089
2759,1066
608,186
7149,4945
92355,104885
132929,79695
545,219
878,563
1035,165
17060,4027
740,200
72,43
179,109
823,285
1085,316
10905,2071
815,256
327,146
975,301
1746,676.5
1193,281
2639,748
2438,629
185,62
2935,526
9332,854
2546,904
3110,510
4557,172
3287,593
52257,6739
7707,2435
737,522
2614,722
12600,3467
7260,1170
4080,953
8243,2149
38413,4638
6917,1089
2701,277
2130,620
9535,3946
7772,895
13601,2271
2356,499
4701,1216
3966,2644
9202,825
14910,2347
9533,2458
2944,582
12999,3032
5779,1586
757951,-757951
433,157
2906,616
426,76
262,113
605,490
13900,3819
635,124
50,48
142,65
620,304.3333333
744,293
745,232
257,122
756,331
495,406
332,281
1100,238.5
956,415
2114,641
867,262
450,210
1857,547
14709,58598
953762,-953762
1531,385
5750,601
1014,204
3236,378
2008,131
34666,3639
271,111
996,316
4021,1400
3473,375
2463,434
4190,997
24807,2557
3923,696
1713,281
950,321
3119,800
3322,603
5877,1841
1289,260
5860,487
5237,512
1658,238
6312,947.5
2388,786
492,175
13674,764
7118,942
5253,71
6655,684
88039,7744
20406,1399
3215,317
5910,861
29181,2899
8688,635
17669,1769
59697,3554
4183,209
26673,2878
12509,570
23459,1183
5681,734
8866,478
17236,1294
13389,641
19036,749
22769,1271
24718,1375
13330,1160
1291940,-1291940
2207,349
7505,592
1489,355
2079,257
4084,281
2665,190
42980,4122
4936,1230
497,132.5
1838,347.5
7849,1973
4913,1050
6211,1146
32458,2644
5742,371
2316,201
6243,1719
5658,598
10293,936
1664,277
3046,867
3024,602.5
7554,464
8682,779
10542,1359.5
6665,823
2327,346
9458,1437
3817,807.5
791,221.3333333
20314,4781
131148,65410
1119968,-1119968
1403064,-1403064
10319,746
9761,-276
2195,-136
7735,8694
26067,23703
8409,28
2990,678
40586,16798
3658,978
15678,-3842
33329,10713
2629,401
8852,505
2710,272
3280,202
49295,3955
6857,1132
707,262
10947,2369
6791,694
3815,517
37356,2414
6756,373
2576,193
1889,478
8967,1806
7135,449
12690,876
2044,348
4075,939
4194,904
8698,548
11793,657
13411,1609
8933,885
2882,261
12236,1528
4948,1055.5
1212,445
1977071,-1977071
14595,498
7996,806
4977,64
5344,58
7449,562
97388,5945
21837,1082
3535,296
6812,676
32312,2817
14211,1032
9402,529
19314,1701
63545,3405
15634,1209
4402,181
29656,2534
13202,553
24937,848
9299,358
18879,908
14074,435
20053,628
26912,863
24467,898
5878,195
26295,1087
14441,1045
5394,305
1160,319
5043,582
792,258.5
1777,345.5
29904,3925
1722,508
2794,1052
2761,372
1981,505
2971,1120
20457,2548
736,269
1996,857
2445,608
1781,380
1339,485
4537,529
5405,1151
1357,249
5109,1003
1958,513
347,167
873555,-873555
6513,680
17588,1013
9706,757
5337,57
6180,119
9771,1666
117127,8295
24468,2118
4588,500
8284,1049
38327,1792
17316,1106
11186,643
23795,2112
75587,3130
19337,1008
4842,347
5169,348
37069,3922
16203,1135
27637,1005
10472,399
21702,1051
15836,666
31559,828
29265,721
26830,895
6727,171
29254,1079
16860,942
6689,764
4577,625
2082,623
1583,90
25785,4026
1297,434
147,69
417,299
2233,289
1651,434
1993,1208
16957,2861
2292,622
580,226
1565,505
3315,984
879,333.3333333
990,450
3697,659
2986,332
4362,1020
1939,467.5
1062,277
4245,757
1742,785
272,134
3786,434
10916,792
4059,281
4815,193
4342,581
64278,6256
11928,2475
1477,495
3694,683
19778,2951
9321,1372
11298,1718
45548,4594
8789,1370
3146,366
2912,535
17467,2433
9603,913
17433,1856
3229,524
6494,1010
8981,2213
10510,623.5
15655,1055
20099,1806
15038,1579
3828,499
18162,2312
8727,1673
117248,74234
7466,843
17861,920
10920,753
5514,57
6322,917.5
12180,2455
130379,10683
27363,1749
5351,340
10067,1860
41410,2431
19245,550
12258,779
27140,2103
82098,3344
21679,819
5342,240
44042,3542
18338,632
29319,948
10144,1616
11192,305
24623,1276
17262,660
33623,794
30502,590
28240,887
7042,197
31237,758
18208,1280
8339,1203
8354,4972
117727,85712
80587,98771
1944267,-1944267
1975,284
1296,301
1703,233
3761,321
2443,163
39850,3894
3900,1217
408,153
1502,499
29725,2244
2194,222
1281,412
4735,587
8790,1309
1529,243
2559,627.5
6952,413
7290,757
9229,1259.5
2023,271
8182,1056
3182,1182
677,218
18449,953
11427,674
5572,75
6382,93
15202,1824
136612,11575
29328,2687
5603,183
11738,2237
43218,2876
19681,414
12798,842
28759,1942
84337,3460
22474,753
5516,222
5667,627.5
47306,3253
18965,820
30121,942
11420,276
25873,1122
17751,610
34518,790
30972,556
28967,823
7201,156
31803,626
19038,907
9199,1329
2074145,-2074145
1643,384
6144,534.5
1093,226
1304,160
3436,349
2160,161
36422,3864
2706,884
309,130
1135,421
3768,438
2612,488
4564,1006
26352,2645
4350,425
1034,375
3751,644
6630,1711
1375,224
2252,591
2064,641
5763,532
7758,1232
1753,259
6933,1308
540,196
2240,356
7685,538
1572,442
2170,252
4121,268
2714,233
43623,4271
5111,1219
511,170
1891,472
3342,477
33029,2866
5868,480
2342,207
6565,1890
5810,733
10585,1053
1700,284
3140,955
7660,426
9105,679
10894,1423
6914,824
2382,345
9698,1444
818,260.5
2992,553
284,102
659,493
14557,3654
656,152
52,45
150,70
666,370
795,332
698,315.5
742,380
935,348
779,214
275,122
800,301
562,402
1373,532
1113,234
438,214
1831,557
2214,606
1972,600
1009,371
161,54
523,213
3249,720
465,70
321,125
812,545
974,255.5
16299,3972
711,196
68,46
169,92.5
826,454
859,440
10431,2202
782,261
934,310
719,338
1637,496
1164,275
2045,509.3333333
1216,343
2491,678.5
1020,324
1119,325.5
182,59
1921510,-1921510
1105834,-1105834
4171,364
11803,680
5148,1008
4374,693
4980,93
5016,556
71275,5499
14510,2274
23090,2483
11056,862
6580,876
13022,1535
50751,3550
10438,1093
3483,293
3409,494
20005,2340
10532,741
19922,1483
7438,674
12103,1536
16904,688
22498,1086
17818,1449
4528,303
21007,1639
10408,1122
3023,791
1841964,-1841964
5909,272
8445,717
5000,67
5380,59
7700,561
100248,5966
22306,926
3647,306
7067,571
33820,2153
14737,989
9642,548
20122,1575
65162,3106
16396,1099
4501,156
4767,263
31212,2605
13659,621
25340,1809.5
6871,433
9472,328
19435,764
14350,457
20501,585
24963,769
6094,117
26845,1071
14934,925
5684,510
13447,8528.5
118902,73300
1601,401
6013,620
1059,256
1223,250
3369,391
2140,155
35837,3895
2599,892
295,127
1092,382.5
4405,1670
2557,480
4435,1016
25895,2751
4238,607.5
3478,770
3598,692
6372,1774
2198,343.5
1991,495
6139,455
1724,286
6712,1380
2506,920
519,190
9086,2935.5
120832,85069
864,328
578,143
1979,646
25068,3999
1236,317
137,69
2153,257
1598,432
1865,813.5
16371,2591
2143,571
1142,291
1692,494
3158,917
855,282
1551,284
960,381
3599,663
2821,339
4240,616.5
1032,247
1715,345
266,104
2603,540
406,67
441,390
746,123
11665,3339
40,39
510,394
7663,1376
212,112
645,333
360,359
1096,463
247,284
949,339
339,194
1525,364
774,297
1796,667
363,197
1548,590
835,359.5
140,46
1982674,-1982674
1031864,-1031864
4587,421
12566,676
6005,934
4558,183
5108,360.5
5815,657
78105,6710
17250,2213
2470,591
25214,3045
11955,856
7442,959
15044,1838
54687,3813
11703,1523
3832,506.5
22615,3007
11493,559
21391,1482
4578,712
8003,698
14593,1405
12339,684
17681,834
24022,1086
20727,1427
4911,322
22658,1411
11583,1361
574,207
3568,870
1010,724
1139,159
18286,4074
86,44
196,151
1285,298.5
11631,2072
881,245
367,160
1029,302
570,211.5
1241,289
582,298
1539,441
2820,802
1146,303
661,233
2656,542
1263,405
192,66
1630002,-1630002
1150422,-1150422
791516,-791516
1903494,-1903494
1867191,-1867191
4984,612.5
13241,729
4740,127
5222,63
6205,700
83767,7079
19234,1652
2948,460
5482,774
27589,3102
12647,835
8282,733
16584,1923
57853,3479
13019,1353
4041,283
24700,3249
12116,592
22836,1071
8471,656
16269,1218
12889,714
18331,752
24975,1220
22129,934
5371,280
23762,1428
12536,1377
4366,626
5758,253
14604,506
7982,896
5350,55
7419,691
98131,6169
3549,288
6840,768.5
32686,2664
14243,1136
9427,556
19416,1779
63901,3402
15613,1344
4414,184
4639,270
29940,2784
13279,634
24984,923
6578,551
9327,363
18970,925
14136,514
20131,729
27010,872
24565,904
5953,154
26427,1108
14517,1055
2120815,-2120815
3987,365
11370,779
4241,187
4888,162
4878,462
68031,5984
13284,2536
1654,565
4009,677
21479,2709
10283,1108
6027,995
12144,1851
48208,4435
9583,1317
3340,316
3147,520
18735,2655
10162,774
18871,1743
3539,540
7004,874
10720,1957
16414,830
21350,1549
17224,1604
4249,424
19827,1896
9701,1349
2618,884
1994014,-1994014
1881818,-1881818
784693,-784693
1602024,-1602024
1185621,-1185621
1023916,-1023916
48021,85407
4942,234.5
13197,698
6577,931
6119,690
82529,7194
18862,1784
2860,486
5392,753
27230,2969
12513,844
8138,770
16388,1898
57266,3447
12862,1327
4005,286
4069,388
24401,2567
12008,640
22512,1239
16089,1214
12856,698
18243,805
24803,1213
21880,1161
23492,1518
12332,1413
4287,664
12446,711
5927,934
4522,179
5094,103
5822,547
77836,6039
16914,2297
4891,735
25028,2935
11885,838
7389,914
14968,1754
54304,3660
11668,1381
3801,286
3783,413
22481,2733
11409,553
21209,1345
7960,684
14402,1384
12278,660
17541,907
23946,996
20589,1329
22536,1407
11405,999
3735,671
530,
4258,353
11974,747
5365,1073
4399,150
5019,115
5360,605
73068,6315
15363,2296
2096,603
4508,715
23801,2740
11284,896
6846,944
13661,1812
51493,4166
10762,1297
3541,333
3509,565
20690,2666
10778,788
7623,690
12695,1518
11743,667
17146,778
22850,1225
18705,1661
4694,306
21211,1768
10753,1266
3256,785
1956575,-1956575
1390906,-1390906
770728,-770728
2371,349
8014,614
1712,602
2366,276
2875,202
45540,4477
5632,1115
579,213
2106,483
9039,2664
5679,723
34637,2551
6151,406
2442,174
1671,470
7377,1845
6261,754
1829,294
3536,1005
3458,774
7988,475
9987,502
11750,1803
7655,600
2544,341
1058429,-1058429
1670431,-1670431
2045818,-2045818
2056317,-2056317
17344,792
10392,732
6264,106
10503,2374
124985,8253
26026,2183
5047,436
9185,1350
40125,1820
11782,685
25628,1940
78917,2609
20542,874
5141,255
5410,277
40649,3956
17423,832
28642,828
9183,1349
10945,342
23324,1224
16708,665
32627,757
29933,718
27674,738
6899,176
30430,901
17641,1035
7545,1033
5620,313
14363,676
7747,872
5316,68
7134,638
93145,7499
21361,1265
6528,765
31745,2613
13641,1195
9205,512
18749,1762
62041,3503
15060,1385
4346,170
4559,283
28751,2798
12941,655
24446,989
6281,559
9214,383
18453,1004
13850,521
19721,748
26587,841
24013,955
5732,198
25819,1294
14087,1180
1701216,-1701216
1736159,-1736159
4786,599
658,204
1720,93
27760,4566
1453,384
514,384
2325,956
2493,307
1801,474
18704,2703
2585,623
657,255
1719,662
3664,1188
1694,344
1134,679
4106,650
3464,246
4817,1129
2222,653
1182,292
4663,876
304,167
779104,-779104
11444,811
4653,1153
4903,157
4865,532
68437,6406
13420,2692
1681,441.5
4040,913.5
21833,2796
10397,1125
6107,995
12234,1841
48712,4424
9634,1369
3353,343
3174,546
18931,2754
10236,869
19087,1774
3601,518
7069,880
10983,1934
11118,696
16431,923
21575,1505
17555,1457
19933,1868
9866,1327
2686,908
2181291,-2181291
927754,-927754
1761786,-1761786
8263,805
18526,1061
11499,699
6396,86
15874,1752
138539,11221
29914,2506
5698,268
12077,2275
44163,2756
19796,363
12980,859
28929,2119
85198,3435
22745,736
5570,220
5705,205
47808,3289
19174,792
30245,1094
11824,1589
11478,277
17979,603
34672,851
31063,598
29108,894
7226,180
31867,703
19219,854
9375,1340
852719,-852719
889168,-889168
683,314
437,286.5
1360,628
20988,3945
959,260
108,43
250,201
1207,496
1230,867
958,245
1180,440
1225,453
2384,764
1370,301
720,306
2795,538
2013,507
3384,1003
1396,323
3176,728
2018,262
1816,206
3870,483.5
40731,4006
4083,1173
431,148
1553,544
6736,1765
30406,2284
5333,196.5
2237,217
1326,333.5
9218,1175
1562,250
2657,712
7144,354
7617,646
5666,1085
2102,320
8530,1228
3348,1144
706,241
1376073,-1376073
3600,360
10538,620
3569,984
3863,303
4775,152
4118,437
61339,5720
10873,2181
1303,457
17950,3247
8867,1232
10730,1519
44044,4218
8502,1133
2738,497
16527,2150
9219,840
16617,1478.5
2932,437
6066,1005
8046,2177
10072,724
18989,1839
14685,1594
3654,437
16949,2356
1490077,-1490077
5020,400
13262,850
4764,129
5230,62
84591,7567
19419,1655
27829,3170
12734,844
8367,739
16850,2005
58296,3554
4073,271
4154,384
24948,3336
12151,664
22956,1113
8532,658
16391,1318
13009,725
18395,847
25174,1207
22132,1034
23876,1487
12643,1379
4480,655
1028,
31848,10251
1130,347
721,195
2562,533
1755,98
29401,3895
1647,504
195,71
615,313
2644,1028
2693,341
1913,466
2846,1080
19974,2481
2831,528
1336,240
1763,312
1257,491
4413,599
3711,117
5260,1089
2422,745
1292,259
4961,921
2080483,-2080483
1856543,-1856543
4113,375
11713,756
4979,1087
4959,660.6666667
4951,609
70354,6005
14192,2432
4275,674
22616,2644
10827,911
6415,956
12698,1667
50162,3972
10175,1207
3446,303
3341,526
19591,2590
10461,778
19674,1652
3745,518
7329,757
11735,1670
11282,663
16777,787
22245,1182
17703,1460
4479,349
20670,1734
10265,1162
2914,845
2605,401
8519,505
2002,597
2663,272
3197,202
48511,3955
6619,1132
2329,460
10483,2369
6596,694
3776,569
7433,1341
36845,2414
6635,373
1845,478
8679,1806
6936,449
12410,876
2003,348
3927,939
4001,904
8572,548
13086,1609
8491,885
2774,261
11747,1528
1685996,-1685996
1639943,-1639943
6521,531
17530,976
6730,105
9700,1578
116687,7723
4556,499
8213,953
38188,1772
17237,1073
11171,611
23577,2163
75443,3151
4834,326
5152,319
36704,3637
16085,1104
27590,930
8086,949
10433,427
21556,945
15771,652
31400,772
29180,730
26760,886
6591,172
29192,1010
16895,876
6588,761
416,74
543,322
47,39
139,52
670,360
8289,1475
804,411
239,124
1066,226
399,215
413,215
910,399
148,55
3355,29470
904042,-904042
1858844,-1858844
6556,681
9798,714
5347,61
6188,117
9916,1552
118092,7762
24672,2057
4661,482
8401,1068
38635,1808
17469,1033
11267,616
24011,2073
76022,2790
19457,984
4896,318
5201,338
37373,3773
16339,1050
27751,960
8235,1024
21874,996
31672,817
29386,679
26875,906
6743,158
29402,1045
16980,878
2140327,-2140327
918681,-918681
1928467,-1928467
5793,440
14740,539
8500,792
5389,73
7814,743
101998,6120
22438,1046
3661,350
7115,934.5
34489,2038
14936,1052
20229,1824
65800,3370
4747,304
31105,2965
13764,791
25503,901
6944,547
9485,395
14470,572
20594,641
27460,887
25083,867
6186,169
27019,1138
15087,918
5711,549
1468,378
5640,623
981,282.5
3166,357
1946,142
34034,3906
2326,629
268,108
941,338
3802,1367
3334,487
2381,472
4032,1004
24153,2343
1603,259
912,308
3136,601
5462,1973
1264,250
1818,523
5668,549
6732,1299
3221,1015
1580,280
6108,1219
463,170
1542991,-1542991
1472151,-1472151
2215884,-2215884
1899742,-1899742
1620008,-1620008
1872375,-1872375
4710,671
699,213
634,196
2273,581
27133,4318
1410,369
158,79
2178,1005
2406,319
1748,471
1661,630
2006,601
1660,319
3337,244
4702,1050
2148,621
4506,766
287,170
26990,8976
140823,60764
1888638,-1888638
1917958,-1917958
4889,431
13157,666
6555,865
5202,66
6045,667
82245,6728
18647,1860
5388,749
12455,768
8055,770
16281,1841
57137,3297
12786,1280
3984,267
4053,379
24150,3089
11940,615
22217,1278
5057,684
8333,631
15860,1234
12821,622
18196,806
24704,1178
21839,1131
23486,1393
12205,1398
4246,641
3937,274
62209,5577
11081,2363
18158,3296
8997,1289
5271,871
10786,1655
44425,4269
8457,1220
3019,353
2760,497
16881,2148
9292,944
16712,2037
6137,1038
8342,2131
15444,880
19244,1929
14900,1402
3717,470
2099,664
6688,632
17989,794
5377,53
10317,1359
120078,7066
25006,2015
8513,1109
38842,1735
17789,888
24437,2023
76823,2573
19708,898
38212,3749
16585,971
28003,793
8482,1040
10663,374
22143,1007
16105,654
31959,739
29479,747
27175,792
6798,151
29695,1021
17071,904
1974255,-1974255
1744262,-1744262
2889,507
9227,861
2915,524
4491,205
3204,609
50980,6935
7373,2501
667,488
2541,743
12040,3416
7126,1171
4056,906
7970,2163
37701,4912
6891,1055
2674,290
2101,593
8980,3920
7601,897
13076,2605
2282,433
4504,1192
3908,2464
12817,1173
14507,2501
9179,2444
2780,679
12561,3154
5562,1639
1305,610
16810,6708
123486,70230
4087,360
11608,813
4808,1137
4313,183
4934,152
4960,545
69591,6303
13824,2533
22289,2666
10563,932
6241,1021
12472,1747
49554,4170
3252,539
19338,2619
19409,1664
3685,521
7208,824
11415,1842
16689,839
21937,1314
17636,1454
4411,343
20264,1801
10086,1181
2776,903
2068175,-2068175
5978,728
15294,842
9187,802
9224,1012
108944,8288
23534,1580
4028,526
36837,1719
16358,1172
10375,593
21944,2387
68637,4112
18174,1132
4642,247
34323,3759
14925,1070
26463,983
7578,830
9863,537
20947,849
15054,748
21188,819
28570,723
25997,1005
28180,1174
6237,701
52165,85610
978002,-978002
1501580,-1501580
3820,402
11008,720
4143,1108
4132,251
4848,170
64999,5977
12282,2339
3833,651
20289,2753
9588,1259
5665,966
11556,1704
46355,4031
9140,1217
3196,351
3008,502
17690,2405
3312,476
6648,939
15758,987
20451,1689
15395,1281
3894,455
18520,2153
8969,1521
2367,723
1614614,-1614614
4425,570
565,138
1906,652
1447,113
24424,3891
1194,314
1656,917
2049,201
1549,383
15767,2274
1117,214
1641,501
3010,835
833,256
1508,285
3479,613
2682,425
4112,953
1771,458
995,257
4002,712
256,97
1909187,-1909187
1362525,-1362525
1702,383
6236,603
3499,337
36849,3838
2877,912
325,139
1199,401
4723,1027
26803,2513
4486,589
1071,401
3800,992
6895,1826
1405,218
6255,404
5901,499
7924,1281
4141,1225
1791,271
2649,1096
2086657,-2086657
4659,414
12703,682
6081,950
4568,189
5125,117
5851,643
78508,7312
17409,2300
25518,3225
11989,941
7572,943
15368,1821
55069,3860
11829,1537
3852,287
22814,3171
11605,569
21537,1469
4696,727
8081,696
14864,1397
12400,715
17820,761
24142,1134
21024,1302
4969,300
22757,1424
11628,1402
3895,742
123903,84403
1568,381
5858,590
1159,247
3306,405
2080,149
282,119
4178,1647
3572,436
2514,410
4329,983
4066,810
1770,273
3468,568
6071,1842
5967,455
7259,1257
3542,1217
1701,281
6468,1298
2444,858
505,179
121343,71240
12463,670
5865,898
4510,168
5721,549
76818,5899
16710,2277
2409,534
4873,703
25101,2607
11880,786
7352,871
14877,1693
53891,3488
22421,2580
11374,511
21042,1377
4464,584
7944,587
14161,1462
12215,649
17620,752
23793,1080
20520,1188
4898,233
22404,1423
11368,1277
3728,616
1930608,-1930608
95708,105149
1691093,-1691093
2027541,-2027541
1905591,-1905591
1759123,-1759123
1519572,-1519572
1964300,-1964300
6749,655
16942,825
10048,779
6216,118
9859,2297
121208,8105
25288,2207
4864,454
8647,1388
39165,1885
18037,853
11488,656
24571,2231
77422,2780
19867,921
5258,339
38662,4186
16828,1068
8659,1185
10736,367
22388,1224
16214,742
32106,801
29640,742
27307,773
6810,203
29728,1084
17231,950
7048,1009
1160373,-1160373
1633900,-1633900
896130,-896130
1795,610
23716,3973
1137,323
328,278
1556,859
1987,195
1498,388
1629,1102
15219,2153
1922,405
1097,215
1412,425
1569,518
2902,854
816,244
1504,271
886,346
3376,654
4004,998
1704,443
965,256
3846,663
254,88
1705743,-1705743
1936266,-1936266
2014868,-2014868
2051357,-2051357
2000530,-2000530
1666658,-1666658
